timestamp,instrument,derived_value,base_rate,spread,adjustment,latency
1733011200067,ALPHA,4.7119,4.6981,0.0588,-0.045,29
1733011200015,BRAVO,4.566300000000001,4.2232,0.3078,0.0353,203
1733011200281,CHARLIE,5.0508999999999995,4.8922,0.1743,-0.0156,25
1733011200415,ECHO,4.3925,4.2649,0.1265,0.0011,0
1733011200537,ALPHA,4.5905000000000005,4.3799,0.1836,0.027,0
1733011200648,CHARLIE,5.025799999999999,4.8922,0.0511,0.0825,0
1733011200487,ECHO,4.8834,4.7558,0.1265,0.0011,285
1733011200879,CHARLIE,5.039,4.9054,0.0511,0.0825,0
1733011201005,ALPHA,4.9642,4.659,0.3576,-0.0524,0
1733011201035,ECHO,4.9596,4.7558,0.2135,-0.0097,76
1733011201220,CHARLIE,4.4204,4.4431,0.0508,-0.0735,0
1733011201350,ALPHA,4.437499999999999,4.1663,0.3576,-0.0864,0
1733011201373,ECHO,5.239,4.9416,0.2135,0.0839,79
1733011201529,CHARLIE,4.5815,4.2967,0.3583,-0.0735,50
1733011201701,ALPHA,4.5857,4.3336,0.2674,-0.0153,0
1733011201786,ECHO,4.4926,4.0418,0.3669,0.0839,31
1733011201874,CHARLIE,4.9397,4.8646,0.1486,-0.0735,48
1733011201840,ALPHA,4.3829,4.0752,0.323,-0.0153,196
1733011201959,ECHO,5.2983,4.8586,0.3669,0.0728,179
1733011202236,CHARLIE,4.9535,4.66,0.201,0.0925,29
1733011202383,ALPHA,4.7317,4.5966,0.1504,-0.0153,0
1733011202350,CHARLIE,4.635199999999999,4.4204,0.201,0.0138,142
1733011202550,ECHO,4.9824,4.8586,0.1899,-0.0661,50
1733011202567,ALPHA,4.958200000000001,4.7784,0.1951,-0.0153,151
1733011202796,CHARLIE,4.6194999999999995,4.4149,0.201,0.0036,29
1733011202868,ECHO,4.8548,4.7135,0.0521,0.0892,64
1733011203055,CHARLIE,4.6356,4.2602,0.3718,0.0036,0
1733011203128,ECHO,4.814,4.749,0.0521,0.0129,45
1733011203286,ALPHA,4.4904,4.1994,0.2365,0.0545,0
1733011203219,CHARLIE,4.235399999999999,4.1262,0.0878,0.0214,194
1733011203527,ALPHA,4.5255,4.1994,0.2365,0.0896,13
1733011203663,ECHO,4.815199999999999,4.749,0.06,0.0062,0
1733011203762,CHARLIE,5.0023,4.7386,0.2824,-0.0187,25
1733011203871,ALPHA,4.9002,4.5741,0.2365,0.0896,38
1733011204004,CHARLIE,4.8530999999999995,4.8111,0.0659,-0.0239,0
1733011203932,ECHO,4.831099999999999,4.749,0.0759,0.0062,193
1733011204209,ALPHA,5.1187000000000005,4.7926,0.2365,0.0896,26
1733011204197,CHARLIE,4.7238999999999995,4.4085,0.3393,-0.0239,161
1733011204439,ECHO,4.7014,4.47,0.2252,0.0062,0
1733011204563,ALPHA,5.103000000000001,4.7926,0.2365,0.0739,0
1733011204677,CHARLIE,4.582400000000001,4.4085,0.2422,-0.0683,23
1733011204765,ECHO,4.9697000000000005,4.6477,0.3931,-0.0711,20
1733011204785,CHARLIE,4.450100000000001,4.2762,0.2422,-0.0683,128
1733011204936,ECHO,5.1392999999999995,4.856,0.3544,-0.0711,100
1733011204970,ALPHA,5.1771,4.7926,0.3106,0.0739,130
1733011205219,BRAVO,4.541200000000001,4.1981,0.3078,0.0353,35
1733011205254,CHARLIE,4.756200000000001,4.5823,0.2422,-0.0683,92
1733011205495,ALPHA,5.2767,4.9423,0.3106,0.0238,0
1733011205599,BRAVO,4.3045,4.1981,0.1198,-0.0134,0
1733011205520,CHARLIE,4.806900000000001,4.5823,0.2422,-0.0176,198
1733011205860,BRAVO,4.466499999999999,4.2479,0.1198,0.0988,0
1733011205785,ALPHA,5.2251,4.9423,0.259,0.0238,145
1733011206019,ECHO,4.9586,4.856,0.1742,-0.0716,58
1733011205987,CHARLIE,4.928100000000001,4.7035,0.2422,-0.0176,171
1733011206139,BRAVO,4.7621,4.5925,0.0708,0.0988,164
1733011206217,ALPHA,4.5637,4.2326,0.259,0.0721,184
1733011206544,ECHO,5.0653,4.6396,0.3478,0.0779,0
1733011206650,CHARLIE,4.8100000000000005,4.6655,0.2422,-0.0977,0
1733011206673,BRAVO,5.036199999999999,4.7288,0.3938,-0.0864,96
1733011206877,ALPHA,4.242399999999999,4.2326,0.1095,-0.0997,0
1733011206963,BRAVO,4.9231,4.4513,0.3938,0.078,42
1733011206926,CHARLIE,4.6018,4.3187,0.2422,0.0409,187
1733011207252,ALPHA,4.4206,4.3311,0.0807,0.0088,0
1733011207337,BRAVO,4.9637,4.6382,0.2475,0.078,19
1733011207434,ECHO,5.105499999999999,4.6396,0.388,0.0779,53
1733011207273,CHARLIE,4.534800000000001,4.3187,0.2422,-0.0261,311
1733011207621,ALPHA,4.7657,4.6681,0.1105,-0.0129,50
1733011207762,ECHO,5.085999999999999,4.6396,0.3498,0.0966,43
1733011207671,BRAVO,4.3252999999999995,4.1262,0.2475,-0.0484,247
1733011207964,ALPHA,4.7288,4.3881,0.3536,-0.0129,94
1733011208037,ECHO,nan,4.9249,0.3498,nan,127
1733011208224,CHARLIE,4.536200000000001,4.3379,0.2422,-0.0439,98
1733011208396,BRAVO,5.006600000000001,4.7457,0.3093,-0.0484,58
1733011208265,ALPHA,4.4751,4.1344,0.3536,-0.0129,316
1733011208655,ECHO,4.364000000000001,4.1737,0.2724,-0.0821,17
1733011208496,BRAVO,4.572,4.3111,0.3093,-0.0484,318
1733011208968,ALPHA,5.1091999999999995,4.8538,0.3536,-0.0982,0
1733011209076,CHARLIE,4.751400000000001,4.4667,0.2422,0.0425,0
1733011209178,ECHO,4.4649,4.1737,0.2724,0.0188,28
1733011209321,BRAVO,5.1437,4.8054,0.2781,0.0602,0
1733011209425,ALPHA,5.0625,4.7094,0.3536,-0.0005,28
1733011209453,CHARLIE,4.373,4.1499,0.2422,-0.0191,127
1733011209510,ALPHA,5.1046,4.7094,0.3536,0.0416,214
1733011209769,BRAVO,5.1896,4.8054,0.3043,0.0799,51
1733011209684,ECHO,4.623200000000001,4.2938,0.2724,0.057,263
1733011209908,CHARLIE,4.4092,4.1499,0.2422,0.0171,175
1733011209947,ALPHA,4.4657,4.3553,0.0688,0.0416,237
1733011209997,ECHO,4.6551,4.2938,0.2724,0.0889,306
1733011210303,BRAVO,4.8126,4.4876,0.2721,0.0529,131
1733011210344,ALPHA,4.7249,4.6145,0.0688,0.0416,212
1733011210610,CHARLIE,4.3361,4.1027,0.2422,-0.0088,43
1733011210653,ECHO,4.094,4.0179,0.1085,-0.0324,147
1733011210842,BRAVO,4.6696,4.3666,0.3986,-0.0956,90
1733011210991,CHARLIE,4.439400000000001,4.1649,0.2422,0.0323,0
1733011211141,ALPHA,4.7703999999999995,4.4977,0.2055,0.0672,48
1733011211223,ECHO,4.41,4.0179,0.3686,0.0235,64
1733011211189,BRAVO,4.7447,4.3666,0.341,0.0371,225
1733011211516,CHARLIE,4.746700000000001,4.4568,0.2422,0.0477,16
1733011211532,ALPHA,5.0953,4.852,0.1761,0.0672,140
1733011211622,ECHO,5.1046000000000005,4.7236,0.3575,0.0235,164
1733011211876,BRAVO,4.8252,4.416,0.3721,0.0371,43
1733011211919,CHARLIE,4.883400000000001,4.7046,0.2422,-0.0634,142
1733011211726,ALPHA,4.9395,4.6962,0.1761,0.0672,448
1733011212194,ECHO,4.3999,4.0116,0.3482,0.0401,96
1733011212018,BRAVO,4.8627,4.416,0.3721,0.0746,378
1733011212396,ALPHA,4.9125000000000005,4.6962,0.2065,0.0098,96
1733011212492,CHARLIE,4.8142000000000005,4.5069,0.2422,0.0651,106
1733011212565,ECHO,4.9829,4.6546,0.3008,0.0275,147
1733011212824,BRAVO,5.343400000000001,4.9302,0.3386,0.0746,34
1733011212846,CHARLIE,5.039700000000001,4.7571,0.2422,0.0404,97
1733011212943,ECHO,5.0553,4.7721,0.3735,-0.0903,115
1733011213058,BRAVO,4.741700000000001,4.3874,0.3386,0.0157,131
1733011213106,ECHO,4.9082,4.7721,0.2264,-0.0903,195
1733011213440,CHARLIE,5.0647,4.7608,0.2422,0.0617,0
1733011213556,BRAVO,4.6851,4.3874,0.2892,0.0085,19
1733011213636,ALPHA,4.5471,4.267,0.2065,0.0736,57
1733011213693,ECHO,4.8785,4.7424,0.2264,-0.0903,139
1733011213798,CHARLIE,5.2304,4.9265,0.2422,0.0617,96
1733011214024,ALPHA,5.119300000000001,4.9625,0.2065,-0.0497,0
1733011214165,CHARLIE,4.4988,4.3306,0.2422,-0.074,0
1733011214300,ECHO,4.9603,4.7737,0.2264,-0.0398,0
1733011214220,BRAVO,4.4514,4.1537,0.2892,0.0085,200
1733011214507,ECHO,4.8275,4.7737,0.0822,-0.0284,24
1733011214564,CHARLIE,5.118500000000001,4.9503,0.2422,-0.074,49
1733011214671,ALPHA,4.8073,4.6689,0.2065,-0.0681,87
1733011214758,BRAVO,4.9945,4.6826,0.2892,0.0227,74
1733011214613,ECHO,5.144099999999999,4.7737,0.3988,-0.0284,372
1733011214891,CHARLIE,5.1509,4.9113,0.2422,-0.0026,245
1733011215060,BRAVO,4.978199999999999,4.6826,0.2299,0.0657,172
1733011215316,ALPHA,4.2564,4.0543,0.3009,-0.0988,56
1733011215504,CHARLIE,4.5013000000000005,4.2815,0.2422,-0.0224,0
1733011215600,ECHO,4.616899999999999,4.2898,0.3988,-0.0717,12
1733011215612,ALPHA,4.3745,4.0543,0.3009,0.0193,101
1733011215713,CHARLIE,4.7464,4.4127,0.2422,0.0915,141
1733011215809,ECHO,4.8977,4.8514,0.118,-0.0717,158
1733011215868,CHARLIE,4.5311,4.1974,0.2422,0.0915,191
1733011216114,BRAVO,4.5532,4.2851,0.2201,0.048,37
1733011216278,ECHO,4.342300000000001,4.2632,0.118,-0.0389,0
1733011216239,CHARLIE,4.4499,4.1974,0.2422,0.0103,170
1733011216537,ALPHA,4.303,4.0543,0.3009,-0.0522,0
1733011216477,ECHO,4.6538,4.2632,0.3192,0.0714,181
1733011216726,BRAVO,4.5867,4.2851,0.2201,0.0815,45
1733011216771,ALPHA,4.9056,4.7615,0.1793,-0.0352,146
1733011216993,ECHO,4.825,4.4399,0.3192,0.0659,47
1733011216917,CHARLIE,4.7692000000000005,4.5167,0.2422,0.0103,242
1733011217159,BRAVO,4.3097,4.1574,0.2201,-0.0678,124
1733011217283,ALPHA,4.2588,4.0431,0.2863,-0.0706,111
1733011217478,ECHO,5.1413,4.7946,0.3192,0.0275,59
1733011217394,CHARLIE,4.4691,4.2166,0.2422,0.0103,264
1733011217563,BRAVO,4.4146,4.1574,0.2201,0.0371,207
1733011217844,ECHO,4.260400000000001,4.0932,0.1303,0.0369,40
1733011217822,BRAVO,4.385400000000001,4.1574,0.2201,0.0079,213
1733011217941,ECHO,4.592700000000001,4.4255,0.1303,0.0369,211
1733011218089,CHARLIE,4.4313,4.2166,0.2422,-0.0275,176
1733011218035,ALPHA,4.3267,4.0431,0.2791,0.0045,363
1733011218339,ECHO,4.7834,4.4255,0.321,0.0369,200
1733011218605,BRAVO,4.1592,4.1574,0.078,-0.0762,55
1733011218539,ALPHA,5.1068999999999996,4.8233,0.2791,0.0045,194
1733011218817,ECHO,4.7954,4.674,0.1182,0.0032,53
1733011218660,CHARLIE,5.160400000000001,4.9457,0.2422,-0.0275,300
1733011219032,BRAVO,4.328,4.1574,0.078,0.0926,39
1733011218945,ALPHA,5.1869,4.8233,0.3229,0.0407,246
1733011219225,ECHO,4.8812999999999995,4.5586,0.3195,0.0032,58
1733011219368,CHARLIE,5.279000000000001,4.9457,0.2422,0.0911,43
1733011219330,ALPHA,4.9547,4.8233,0.0907,0.0407,181
1733011219411,ECHO,5.023499999999999,4.7008,0.3195,0.0032,246
1733011219657,BRAVO,4.2509999999999994,4.1574,0.1224,-0.0288,156
1733011219557,CHARLIE,5.2804,4.9471,0.2422,0.0911,344
